0.0,14863,1
0.1,14862.662613729348,1.0171250813229287
0.2,14862.319457547808,1.034535507861516
0.30000000000000004,14861.97043558941,1.052235757171572
0.4,14861.615450493555,1.0702303673179172
0.5,14861.254403385165,1.0885239373381328
0.6000000000000001,14860.887193854702,1.1071211276955055
0.7000000000000001,14860.513719938048,1.1260266607204243
0.8,14860.133878096258,1.1452453210394549
0.9,14859.747563195186,1.1647819559912904
1.0,14859.354668484993,1.1846414760287534
1.1,14858.955085579548,1.2048288551059865
1.2000000000000002,14858.548704435701,1.2253491310499474
1.3,14858.135413332482,1.2462074059152874
1.4000000000000001,14857.715098850173,1.2674088463216653
1.5,14857.287645849312,1.2889586837725129
1.6,14856.852937449614,1.3108622149542395
1.7000000000000002,14856.410855008797,1.3331248020148245
1.8,14855.961278101364,1.3557518728207179
1.9000000000000001,14855.504084497312,1.378748921190928
2.0,14855.039150140788,1.4021215071071467
2.1,14854.566349128714,1.4258752568987165
2.2,14854.085553689369,1.4500158634012184
2.3000000000000003,14853.59663416095,1.4745490860874095
2.4000000000000004,14853.099458970122,1.4994807511692096
2.5,14852.593894610565,1.524816751669391
2.6,14852.079805621524,1.550563047461587
2.7,14851.55705456639,1.5767256652771988
2.8000000000000003,14851.0255020113,1.6033106986777261
2.9000000000000004,14850.485006503795,1.6303243079910201
3.0,14849.935424551524,1.6577727202099026
3.1,14849.376610601024,1.6856622288515575
3.2,14848.808417016595,1.713999193776053
3.3000000000000003,14848.230694059252,1.7427900409623132
3.4000000000000004,14847.64328986582,1.7720412622398047
3.5,14847.046050428144,1.8017594149741665
3.6,14846.438819572446,1.831951121704955
3.7,14845.821438938863,1.8626230697336421
3.8000000000000003,14845.193747961148,1.89378201065994
3.9000000000000004,14844.55558384659,1.925434759864496
4.0,14843.906781556143,1.9575881959359394
4.1000000000000005,14843.247173784805,1.9902492600402182
4.2,14842.57659094225,2.023424955230118
4.3,14841.89486113375,2.0571223456928007
4.4,14841.201810141396,2.0913485559331546
4.5,14840.497261405657,2.1261107698906976
4.6000000000000005,14839.78103600727,2.161416229987725
4.7,14839.05295264953,2.1972722361063464
4.800000000000001,14838.31282764096,2.2336861444920038
4.9,14837.560474878428,2.270665366581016
5.0,14836.795705830691,2.3082173677496445
5.1000000000000005,14836.01832952245,2.34634966598213
5.2,14835.228152518896,2.385069830455098
5.300000000000001,14834.424978910793,2.4243854800356863
5.4,14833.608610300145,2.464304281690698
5.5,14832.778845786457,2.5048339488040443
5.6000000000000005,14831.935481953622,2.5459822393996876
5.7,14831.078312857484,2.5877569542672587
5.800000000000001,14830.207130014098,2.6301659349874753
5.9,14829.321722388719,2.6732170618544493
6.0,14828.421876385575,2.716918251691931
6.1000000000000005,14827.507375838437,2.7612774555604975
6.2,14826.578002002034,2.806302656352659
6.300000000000001,14825.633533544365,2.8520018662728197
6.4,14824.673746539924,2.8983831241990043
6.5,14823.698414463894,2.9454544929232167
6.6000000000000005,14822.707308187353,2.9932240562672887
6.7,14821.700195973526,3.0416999160710363
6.800000000000001,14820.676843475136,3.090890189049527
6.9,14819.637013732889,3.140803003516244
7.0,14818.580467175156,3.191446495968912
7.1000000000000005,14817.506961618876,3.242828807534741
7.2,14816.41625227175,3.294958080271841
7.300000000000001,14815.308091735766,3.3478424533235485
7.4,14814.182230012093,3.401490058922413
7.5,14813.038414507433,3.455909018240597
7.6000000000000005,14811.876390041833,3.511107437083446
7.7,14810.695898858043,3.567093401423013
7.800000000000001,14809.496680632483,3.6238749727683337
7.9,14808.278472487835,3.6814601833692775
8.0,14807.041009007356,3.739857031250838
8.1,14805.784022250951,3.7990734750747577
8.200000000000001,14804.507241773063,3.8591174288254373
8.3,14803.210394642443,3.9199967563171296
8.4,14801.893205463872,3.981719265519476
8.5,14800.555396401865,4.04429270269852
8.6,14799.196687206459,4.107724746370407
8.700000000000001,14797.816795241108,4.172023001065059
8.8,14796.415435512787,4.237194990897223
8.9,14794.992320704332,4.303248152942377
9.0,14793.547161209113,4.370189830415116
9.1,14792.079665168083,4.438027265647738
9.200000000000001,14790.58953850928,4.506767592866904
9.3,14789.076484989848,4.576417830766385
9.4,14787.540206240636,4.646984874874073
9.5,14785.980401813458,4.718475489711591
9.600000000000001,14784.396769231073,4.79089630074502
9.700000000000001,14782.789004039936,4.86425378612547
9.8,14781.156799865832,4.938554268218412
9.9,14779.499848472413,5.013803904920903
10.0,14777.817839822743,5.090008680766105
10.100000000000001,14776.110462143894,5.167174397814694
10.200000000000001,14774.377401994683,5.245306666333065
10.3,14772.618344336604,5.324410895258487
10.4,14770.832972608021,5.404492282451666
10.5,14769.020968801704,5.485555804737479
10.600000000000001,14767.182013545762,5.567606207734966
10.700000000000001,14765.31578618804,5.6506479954780024
10.8,14763.42196488406,5.734685419828445
10.9,14761.50022668854,5.819722469683886
11.0,14759.55024765059,5.905762859982585
11.100000000000001,14757.571702912619,5.992810020508503
11.200000000000001,14755.564266813037,6.080867084499834
11.3,14753.527612992784,6.169936877064837
11.4,14751.461414505771,6.26002190340924
11.5,14749.36534393327,6.351124336879981
11.600000000000001,14747.239073502313,6.4432460068305115
11.700000000000001,14745.082275208157,6.536388386313422
11.8,14742.89462094085,6.630552579606678
11.9,14740.675782615961,6.725739309580287
12.0,14738.425432309508,6.821948904910789
12.100000000000001,14736.143242397122,6.919181287151547
12.200000000000001,14733.828885697494,7.017435957667397
12.3,14731.482035620136,7.116711984442839
12.4,14729.102366317482,7.217007988773585
12.5,14726.68955284136,7.318322131851908
12.600000000000001,14724.243271303869,7.420652101256903
12.700000000000001,14721.763199042642,7.523995097361448
12.8,14719.249014790568,7.628347819668338
12.9,14716.700398849927,7.733706453088748
13.0,14714.11703327098,7.840066654176914
13.100000000000001,14711.498602034988,7.947423537335635
13.200000000000001,14708.844791241678,8.055771661007913
13.3,14706.155289301121,8.165105013870814
13.4,14703.42978713003,8.275417001048355
13.5,14700.667978352421,8.386700430361003
13.600000000000001,14697.869559504648,8.498947498630079
13.700000000000001,14695.034230244739,8.612149778056185
13.8,14692.161693566006,8.72629820269148
13.9,14689.25165601489,8.84138305502639
14.0,14686.303827912952,8.95739395271216
14.100000000000001,14683.317923582972,9.074319835441301
14.200000000000001,14680.293661579077,9.192148952008836
14.3,14677.230764920807,9.3108688475779
14.4,14674.128961331035,9.430466351174042
14.5,14670.987983477646,9.550927563433225
14.600000000000001,14667.807569218867,9.672237844629281
14.700000000000001,14664.587461852125,9.794381803007182
14.8,14661.327410366319,9.9173432834492
14.9,14658.027169697363,10.041105356501635
15.0,14654.686500986863,10.165650307790374
15.100000000000001,14651.305171843765,10.290959627854155
15.200000000000001,14647.882956608826,10.417014002424906
15.3,14644.41963662172,10.543793303185055
15.4,14640.91500049061,10.671276579032153
15.5,14637.36884436397,10.799442047881588
15.600000000000001,14633.780972204488,10.928267089038501
15.700000000000001,14630.151196064804,11.057728236170378
15.8,14626.479336364877,11.187801170912024
15.9,14622.765222170734,11.318460717134844
16.0,14619.008691474379,11.449680835912513
16.1,14615.209591474577,11.581434621215191
16.2,14611.367778858268,11.713694296364448
16.3,14607.48312008233,11.846431211281038
16.400000000000002,14603.555491655401,11.97961584055748
16.5,14599.584780419471,12.113217782387274
16.6,14595.57088383093,12.247205758382197
16.7,14591.513710240763,12.381547614308854
16.8,14587.413179173567,12.516210321775112
16.900000000000002,14583.269221605051,12.651159980896562
17.0,14579.081780237673,12.786361823972465
17.1,14574.850809774072,12.921780220199956
17.2,14570.576277187929,13.057378681454379
17.3,14566.258161991882,13.193119869162762
17.400000000000002,14561.896456502132,13.328965602296362
17.5,14557.49116609935,13.46487686650709
17.6,14553.042309485478,13.60081382443138
17.7,14548.549918936073,13.736735827183734
17.8,14544.014040547734,13.87260142706069
17.900000000000002,14539.43473448025,14.008368391474441
18.0,14534.812075193038,14.143993718133625
18.1,14530.146151675453,14.279433651487079
18.2,14525.437067670564,14.414643700444412
18.3,14520.684941891965,14.549578657385341
18.400000000000002,14515.889908233197,14.684192618467579
18.5,14511.052115969365,14.818439005240913
18.6,14506.171729950518,14.95227058757282
18.7,14501.248930786374,15.085639507888574
18.8,14496.283915021968,15.218497306726343
18.900000000000002,14491.276895303796,15.350794949605161
19.0,14486.22810053605,15.48248285520108
19.1,14481.137776026519,15.61351092482403
19.200000000000003,14476.006183621766,15.743828573185096
19.3,14470.833601831167,15.873384760441121
19.400000000000002,14465.620325939411,16.00212802550051
19.5,14460.36666810711,16.130006520571207
19.6,14455.072957459095,16.256968046928705
19.700000000000003,14449.739540160072,16.38296009187893
19.8,14444.366779477265,16.507929866887665
19.900000000000002,14438.9550558297,16.631824346845054
20.0,14433.50476682381,16.754590310430657
20.1,14428.016327275041,16.876174381541187
20.200000000000003,14422.490169215169,16.99652307174007
20.3,14416.92674188501,17.115582823684754
20.400000000000002,14411.326511712314,17.233300055484527
20.5,14405.689962274535,17.349621205938618
20.6,14400.017594246296,17.464492780601194
20.700000000000003,14394.309925331303,17.57786139861698
20.8,14388.567490178546,17.689673840268245
20.900000000000002,14382.790840282605,17.79987709517105
21.0,14376.980543867929,17.908418411055948
21.1,14371.137185756954,18.015245343065633
21.200000000000003,14365.261367221981,18.120305803499473
21.3,14359.353705820728,18.223548111932505
21.400000000000002,14353.414835215513,18.32492104563411
21.5,14347.44540497607,18.424373890209512
21.6,14341.446080365955,18.5218564903852
21.700000000000003,14335.41754211264,18.617319300857545
21.8,14329.36048616131,18.71071343712233
21.900000000000002,14323.275623412464,18.801990726201304
22.0,14317.163679443454,18.891103757180705
22.1,14311.025394214083,18.978005931475582
22.200000000000003,14304.86152175646,19.0626515127329
22.3,14298.672829849298,19.144995676285724
22.400000000000002,14292.460099676895,19.22499455807043
22.5,14286.22412547306,19.302605302918607
22.6,14279.965714150265,19.377786112135407
22.700000000000003,14273.685684914342,19.450496290276345
22.8,14267.384868865083,19.520696291035094
22.900000000000002,14261.064108583087,19.588347762155504
23.0,14254.724257703276,19.653413589282167
23.1,14248.366180475501,19.715857938665007
23.200000000000003,14241.990751312678,19.775646298634907
23.3,14235.598854326934,19.832745519769094
23.400000000000002,14229.191382854267,19.88712385366696
23.5,14222.769238968242,19.938750990259223
23.6,14216.333332983257,19.98759809357575
23.700000000000003,14209.884582947963,20.033637835900006
23.8,14203.423914129404,20.076844430241035
23.900000000000002,14196.952258488498,20.11719366105687
24.0,14190.470554147487,20.15466291316667
24.1,14183.979744849963,20.189231198792314
24.200000000000003,14177.480779414174,20.220879182673833
24.3,14170.97461118024,20.249589205207037
24.400000000000002,14164.46219745197,20.27534530355554
24.5,14157.944498933999,20.29813323069367
24.6,14151.4224791649,20.317940472341014
24.700000000000003,14144.89710394703,20.334756261753792
24.8,14138.3693407738,20.348571592342747
24.900000000000002,14131.840158255081,20.359379228091928
25.0,14125.310525541523,20.367173711757438
25.1,14118.781411748445,20.37195137082994
25.200000000000003,14112.253785380086,20.373710321249632
25.3,14105.728613754904,20.37245046886723
25.400000000000002,14099.206862432668,20.36817350864929
25.5,14092.689494644055,20.360882921631244
25.6,14086.177470723473,20.350583969626236
25.700000000000003,14079.671747545797,20.337283687702737
25.8,14073.173277967751,20.32099087444873
25.900000000000002,14066.683010274584,20.301716080044933
26.0,14060.201887632747,20.279471592174183
26.1,14053.730847549215,20.254271419798666
26.200000000000003,14047.270821338107,20.226131274841133
26.3,14040.82273359523,20.195068551810508
26.400000000000002,14034.387501681187,20.161102305416584
26.5,14027.966035213594,20.124253226222415
26.6,14021.559235569042,20.08454361438702
26.700000000000003,14015.167995395319,20.041997351554617
26.8,14008.793198134439,19.99663987095023
26.900000000000002,14002.435717556993,19.94849812574474
27.0,13996.096417308308,19.897600555755727
27.1,13989.776150466876,19.843977052553193
27.200000000000003,13983.4757591155,19.787658923042198
27.3,13977.196073925557,19.72867885159671
27.400000000000002,13970.937913754784,19.667070860821386
27.5,13964.702085258932,19.60287027101995
27.6,13958.489382517631,19.536113658450713
27.700000000000003,13952.300586674774,19.466838812451243
27.8,13946.136465593681,19.395084691515585
27.900000000000002,13939.997773527335,19.32089137840852
28.0,13933.885250803862,19.24430003440215
28.1,13927.799623527484,19.165352852720773
28.200000000000003,13921.741603295113,19.08409301128027
28.3,13915.7118869287,19.000564624808575
28.400000000000002,13909.711156223482,18.914812696433465
28.5,13903.740077712186,18.826883068823815
28.6,13897.799302445263,18.736822374969805
28.700000000000003,13891.88946578718,18.6446779886869
28.8,13886.01118722877,18.550497974927456
28.900000000000002,13880.165070215618,18.454331039982666
29.0,13874.351701992444,18.356226481656268
29.1,13868.571653463408,18.25623413948989
29.200000000000003,13862.82547906824,18.154404345118255
29.3,13857.113716674075,18.050787872830615
29.400000000000002,13851.436887482865,17.94543589041283
29.5,13845.795495954182,17.83839991034231
29.6,13840.190029743262,17.729731741405804
29.700000000000003,13834.620959654045,17.619483440807677
29.8,13829.088739607027,17.507707266833734
29.900000000000002,13823.593806621662,17.394455632133095
30.0,13818.136580813063,17.27978105767796
30.1,13812.717465402713,17.16373612745827
30.200000000000003,13807.336846742928,17.04637344396552
30.3,13801.995094354728,16.927745584516963
30.400000000000002,13796.692560978834,16.80790505846866
30.5,13791.429582639428,16.686904265362728
30.6,13786.206478720364,16.564795454051186
30.700000000000003,13781.02355205345,16.44163068283576
30.8,13775.881089018461,16.317461780660015
30.900000000000002,13770.779359654505,16.19234030938709
31.0,13765.718617782346,16.066317527193384
31.1,13760.699101137332,15.939444353105442
31.200000000000003,13755.721031512505,15.811771332704422
31.3,13750.784614911523,15.683348605019516
31.400000000000002,13745.890041710973,15.554225870628821
31.5,13741.037486831687,15.424452360983365
31.6,13736.227109918647,15.294076808967123
31.700000000000003,13731.459055529078,15.163147420703215
31.8,13726.733453328316,15.031711848613748
31.900000000000002,13722.050418293056,14.899817165738241
32.0,13717.410050921557,14.767509841313041
32.1,13712.81243745041,14.634835717611681
32.2,13708.25765007747,14.501839988043857
32.300000000000004,13703.74574719055,14.368567176508389
32.4,13699.276773601472,14.235061117993403
32.5,13694.850760785093,14.10136494041489
32.6,13690.467727122934,13.967521047682835
32.7,13686.127678150997,13.833571103982242
32.800000000000004,13681.830606811427,13.699556019254578
32.9,13677.576493707633,13.565515935863512
33.0,13673.365307362512,13.431490216427255
33.1,13669.19700447942,13.297517432798282
33.2,13665.071530205541,13.163635356169914
33.300000000000004,13660.988818397322,13.0298809482879
33.4,13656.948791887628,12.89629035374398
33.5,13652.951362754315,12.762898893327362
33.6,13648.99643258989,12.629741058409003
33.7,13645.083892771958,12.496850506332741
33.800000000000004,13641.213624734157,12.364260056786506
33.9,13637.385500237313,12.232001689126134
34.0,13633.599381640508,12.100106540623699
34.1,13629.855122171815,11.968604905611718
34.2,13626.152566198436,11.837526235494172
34.300000000000004,13622.491549495991,11.70689913959489
34.4,13618.871899516731,11.576751386813555
34.5,13615.293435656426,11.44710990805939
34.6,13611.75596951973,11.31800079943242
34.7,13608.259305183805,11.189449326122137
34.800000000000004,13604.803239459992,11.0614799269934
34.9,13601.387562153372,10.93411621982943
35.0,13598.012056319994,10.807381007201895
35.1,13594.67649852164,10.681296282938234
35.2,13591.380659077926,10.555883239156609
35.300000000000004,13588.124302315626,10.431162273839139
35.4,13584.907186815042,10.307152998914367
35.5,13581.729065653308,10.183874248820336
35.6,13578.58968664449,10.061344089519979
35.7,13575.488792576369,9.93957982794103
35.800000000000004,13572.426121443803,9.818598021813111
35.9,13569.401406678562,9.698414489875177
36.0,13566.414377375537,9.579044322427007
36.1,13563.46475851526,9.460501892199048
36.2,13560.552271182632,9.342800865515441
36.300000000000004,13557.676632781817,9.225954213725744
36.4,13554.837557247209,9.109974224881414
36.5,13552.034755250445,8.994872515633817
36.6,13549.2679344034,8.88066004333117
36.7,13546.536799457133,8.767347118292475
36.800000000000004,13543.841052496731,8.65494341623721
36.9,13541.180393132041,8.543457990850207
37.0,13538.554518684256,8.432899286461865
37.1,13535.963124368342,8.323275150824486
37.2,13533.40590347129,8.214592847966298
37.300000000000004,13530.882547526187,8.106859071105353
37.4,13528.39274648211,8.000079955606237
37.5,13525.936188869833,7.894261091963174
37.6,13523.512561963367,7.789407538793843
37.7,13521.121551937342,7.685523835828868
37.800000000000004,13518.762844020233,7.5826140168826495
37.9,13516.436122643483,7.480681622791841
38.0,13514.1410715865,7.379729714308468
38.1,13511.877374117596,7.279760884935311
38.2,13509.644713130872,7.180777273691824
38.300000000000004,13507.442771279111,7.082780577799474
38.400000000000006,13505.27123110267,6.985772065276031
38.5,13503.12977515446,6.889752587428905
38.6,13501.018086121021,6.794722591238242
38.7,13498.93584693975,6.700682131621039
38.800000000000004,13496.882740912333,6.607630883568144
38.900000000000006,13494.85845181441,6.515568154146495
39.0,13492.862664001552,6.424492894359527
39.1,13490.895062511569,6.3344037108591795
39.2,13488.955333163236,6.245298877503433
39.300000000000004,13487.043162651466,6.157176346753778
39.400000000000006,13485.158238638996,6.070033760907532
39.5,13483.300249844657,5.983868463160305
39.6,13481.468886128254,5.898677508494427
39.7,13479.663838572154,5.8144576743895175
39.800000000000004,13477.884799559612,5.7312054713518
39.900000000000006,13476.13146284991,5.648917153259178
40.0,13474.403523650373,5.56758872751942
40.1,13472.700678685324,5.487215965039215
40.2,13471.022626262014,5.407794410002153
40.300000000000004,13469.369066333647,5.329319389454051
40.400000000000006,13467.739700559498,5.25178602269435
40.5,13466.134232362232,5.175189230472603
40.6,13464.55236698247,5.099523743989379
40.7,13462.993811530672,5.024784113701146
40.800000000000004,13461.458275036386,4.950964717929006
40.900000000000006,13459.945468494941,4.878059771271357
41.0,13458.455104911649,4.806063332820809
41.1,13456.986899343552,4.734969314185897
41.2,13455.540568938815,4.66477148731836
41.300000000000004,13454.115832973786,4.595463492146908
41.400000000000006,13452.71241288782,4.527038844018637
41.5,13451.330032315896,4.459490940949385
41.6,13449.968417119117,4.392813070684491
41.7,13448.627295413118,4.326998417571596
41.800000000000004,13447.306397594479,4.262040069247231
41.900000000000006,13446.005456365163,4.197931023139089
42.0,13444.724206755067,4.134664192785991
42.1,13443.462386142723,4.072232413977675
42.2,13442.219734274207,4.010628450716637
42.300000000000004,13440.995993280327,3.9498450010043418
42.400000000000006,13439.790907692113,3.8898747024542146
42.5,13438.604224454702,3.8307101377339046
42.6,13437.435692939627,3.7723438398393743
42.7,13436.285064955595,3.71476829720344
42.800000000000004,13435.152094757792,3.657975958641438
42.900000000000006,13434.036539055758,3.601959238136752
43.0,13432.938157019891,3.546710519468964
43.1,13431.856710286627,3.4922221606874464
43.2,13430.791962962332,3.4384864984332357
43.300000000000004,13429.74368162596,3.385495852112051
43.400000000000006,13428.711635330526,3.3332425279213496
43.5,13427.695595603433,3.2817188227343266
43.6,13426.695336445684,3.2309170278437707
43.7,13425.71063433005,3.1808294325687014
43.800000000000004,13424.741268198197,3.1314483277267193
43.900000000000006,13423.787019456855,3.082766008974984
44.0,13422.847671973026,3.0347747800227554
44.1,13421.923012068304,2.987466955718395
44.2,13421.012828512316,2.940834865013744
44.300000000000004,13420.116912515346,2.894870853808752
44.400000000000006,13419.23505772016,2.8495672876792373
44.5,13418.36706019306,2.804916554490615
44.6,13417.512718414246,2.760911066900435
44.7,13416.671833267435,2.717543264752519
44.800000000000004,13415.844208028873,2.674805617365479
44.900000000000006,13415.029648355676,2.6326906257183604
45.0,13414.227962273591,2.5911908245361293
45.1,13413.438960164183,2.5502987842776794
45.2,13412.662454751482,2.5100071130290162
45.300000000000004,13411.898261088112,2.4703084583042263
45.400000000000006,13411.146196540936,2.431195508756814
45.5,13410.406080776242,2.3926609958039395
45.6,13409.67773574449,2.3546976951660663
45.7,13408.960985664653,2.317298428324472
45.800000000000004,13408.255657008163,2.280456063899051
45.900000000000006,13407.561578482506,2.2441635189487847
46.0,13406.878581014462,2.208413760197217
46.1,13406.206497733034,2.1731998051852366
46.2,13405.545163952082,2.1385147233534156
46.300000000000004,13404.894417152664,2.1043516370561175
46.400000000000006,13404.254096965136,2.0707037225095406
46.5,13403.624045151004,2.0375642106758263
46.6,13403.004105584552,2.0049263880853094
46.7,13402.394124234273,1.9727835975989492
46.800000000000004,13401.793949144112,1.9411292391129389
46.900000000000006,13401.203430414536,1.9099567702074425
47.0,13400.62242018346,1.8792597067413674
47.1,13400.050772607017,1.8490316233950403
47.2,13399.488343840232,1.8192661541626067
47.300000000000004,13398.934992017557,1.7899569927959356
47.400000000000006,13398.390577233331,1.7610978932017676
47.5,13397.854961522151,1.7326826697938011
47.6,13397.328008839177,1.704705197801374
47.7,13396.809585040377,1.6771594135363523
47.800000000000004,13396.299557862727,1.6500393146198
47.900000000000006,13395.797796904379,1.623338960169964
48.0,13395.304173604809,1.5970524709530656
48.1,13394.818561224945,1.5711740294983565
48.2,13394.340834827299,1.5456978801788506
48.300000000000004,13393.870871256104,1.520618329259113
48.400000000000006,13393.408549117468,1.4959297449114468
48.5,13392.953748759557,1.4716265572017773
48.6,13392.506352252802,1.4477032580465063
48.7,13392.066243370155,1.4241544011415643
48.800000000000004,13391.633307567397,1.4009746018648581
48.900000000000006,13391.207431963498,1.378158537153277
49.0,13390.78850532104,1.3557009453553845
49.1,13390.376418026714,1.3335966260608925
49.2,13389.971062071892,1.3118404399079782
49.300000000000004,13389.572331033289,1.2904273083694768
49.400000000000006,13389.180120053694,1.269352213518948
49.5,13388.794325822822,1.2486101977775852
49.6,13388.414846558246,1.2281963636429085
49.7,13388.04158198644,1.2081058734001473
49.800000000000004,13387.67443332393,1.1883339488171962
49.900000000000006,13387.313303258563,1.1688758708239966
50.0,13386.958095930882,1.1497269791771683
50.1,13386.60871691564,1.1308826721106902
50.2,13386.26507320342,1.112338405973403
50.300000000000004,13385.927073182398,1.0940896948540797
50.400000000000006,13385.594626620232,1.0761321101947872
50.5,13385.267644646086,1.0584612803932338
50.6,13384.946039732793,1.0410728903947797
50.7,13384.629725679159,1.0239626812747582
50.800000000000004,13384.318617592406,1.0071264498117376
50.900000000000006,13384.012631870768,0.990560048052328
51.0,13383.711686186227,0.9742593828681196
51.1,13383.4156994674,0.958220415505314
51.2,13383.124591882579,0.942439161127593
51.300000000000004,13382.838284822927,0.9269116883527487
51.400000000000006,13382.556700885816,0.9116341187835786
51.5,13382.279763858334,0.8966026265335307
51.6,13382.007398700945,0.881813437747568
51.7,13381.7395315313,0.8672628301186995
51.800000000000004,13381.476089608217,0.8529471324006125
51.900000000000006,13381.217001315812,0.8388627239168196
52.0,13380.962196147795,0.8250060340667226
52.1,13380.711604691933,0.8113735418289744
52.2,13380.465158614656,0.7979617752625093
52.300000000000004,13380.222790645845,0.784767311005594
52.400000000000006,13379.98443456377,0.7717867737732393
52.5,13379.7500251802,0.7590168358532972
52.6,13379.519498325657,0.7464542166015546
52.7,13379.292790834861,0.7340956819361243
52.800000000000004,13379.069840532307,0.7219380438314147
52.900000000000006,13378.850586218028,0.7099781598119566
53.0,13378.634967653506,0.6982129324463442
53.1,13378.422925547753,0.6866393088415433
53.2,13378.214401543548,0.6752542801378032
53.300000000000004,13378.009338203836,0.6640548810044004
53.400000000000006,13377.80767899829,0.6530381891364325
53.5,13377.60936829003,0.6422013247528678
53.6,13377.414351322504,0.6315414500960486
53.7,13377.22257420653,0.6210557689328351
53.800000000000004,13377.033983907482,0.6107415260575701
53.900000000000006,13376.848528232656,0.6005960067970317
54.0,13376.666155818772,0.5906165365175366
54.1,13376.486816119641,0.5808004801343464
54.2,13376.31045939399,0.5711452416235203
54.300000000000004,13376.13703669343,0.5616482635363538
54.400000000000006,13375.966499850589,0.5523070265165295
54.5,13375.798801467385,0.5431190488201051
54.6,13375.633894903462,0.5340818858384513
54.7,13375.471734264764,0.525193129624251
54.800000000000004,13375.312274392267,0.5164504084206591
54.900000000000006,13375.155470850854,0.5078513861937202
55.0,13375.001279918335,0.49939376216813397
55.1,13374.849658574618,0.4910752703664522
55.2,13374.700564491019,0.4828936791517853
55.300000000000004,13374.553956019716,0.47484679077409214
55.400000000000006,13374.409792183344,0.4669324409201207
55.5,13374.268032664735,0.4591484982670629
55.6,13374.128637796794,0.4514928640399811
55.7,13373.991568552508,0.44396347157306065
55.800000000000004,13373.856786535103,0.43655828587473683
55.900000000000006,13373.724253968325,0.4292753031967417
56.0,13373.59393368686,0.42211255060711134
56.1,13373.46578912689,0.4150680855671909
56.2,13373.339784316779,0.4081399955126694
56.300000000000004,13373.215883867877,0.40132639743867543
56.400000000000006,13373.094052965474,0.3946254374889586
56.5,13372.974257359869,0.38803529054918007
56.6,13372.856463357559,0.3815541598443314
56.7,13372.740637812572,0.37518027654029884
56.800000000000004,13372.626748117904,0.36891189934958607
56.900000000000006,13372.514762197088,0.3627473141412066
57.0,13372.404648495885,0.3566848335547536
57.1,13372.296375974087,0.3507227966186537
57.2,13372.189914097446,0.34485956837260656
57.300000000000004,13372.085232829711,0.3390935394942125
57.400000000000006,13371.982302624798,0.33342312592978574
57.5,13371.881094419046,0.3278467685293504
57.6,13371.781579623612,0.3223629326858136
57.7,13371.683730116963,0.316970107978308
57.800000000000004,13371.587518237484,0.31166680781969497
57.900000000000006,13371.492916776191,0.30645156910821714
58.0,13371.399898969554,0.30132295188328756
58.1,13371.308438492424,0.29627953898540155
58.2,13371.21850945107,0.29131993572015524
58.300000000000004,13371.13008637631,0.28644276952635395
58.400000000000006,13371.043144216757,0.28164668964819156
58.5,13370.95765833215,0.27693036681148175
58.6,13370.873604486802,0.2722924929039192
58.7,13370.790958843132,0.26773178065934977
58.800000000000004,13370.709697955304,0.26324696334602554
58.900000000000006,13370.629798762957,0.2588367944588214
59.0,13370.551238585027,0.25450004741538723
59.1,13370.473995113673,0.2502355152562105
59.2,13370.39804640828,0.24604201034856185
59.300000000000004,13370.323370889568,0.24191836409429612
59.400000000000006,13370.249947333781,0.23786342664148102
59.5,13370.17775486697,0.23387606659982363
59.6,13370.106772959356,0.2299551707598655
59.7,13370.036981419787,0.22609964381591613
59.800000000000004,13369.968360390281,0.2223084080926938
59.900000000000006,13369.900890340641,0.21858040327564263
60.0,13369.834552063165,0.21491458614489387
60.1,13369.769326667436,0.21130993031283948
60.2,13369.705195575185,0.20776542596528533
60.300000000000004,13369.642140515241,0.2042800796061508
60.400000000000006,13369.580143518557,0.20085291380568213
60.5,13369.519186913309,0.19748296695214512
60.6,13369.459253320078,0.19416929300696426
60.7,13369.400325647104,0.1909109612632735
60.800000000000004,13369.342387085611,0.18770705610784508
60.900000000000006,13369.28542110521,0.18455667678636134
61.0,13369.22941144937,0.18145893717199568
61.1,13369.174342130962,0.17841296553726743
61.2,13369.12019742787,0.17541790432913615
61.300000000000004,13369.066961878678,0.17247290994730052
61.400000000000006,13369.014620278414,0.16957715252566694
61.5,13368.963157674372,0.16672981571695275
61.6,13368.91255936199,0.16393009648038948
61.7,13368.862810880799,0.1611772048724909
61.800000000000004,13368.813898010436,0.1584703638408513
61.900000000000006,13368.765806766716,0.15580880902093894
62.0,13368.718523397773,0.15319178853584986
62.1,13368.672034380252,0.15061856279898778
62.2,13368.62632641557,0.14808840431963485
62.300000000000004,13368.581386426233,0.14560059751137935
62.400000000000006,13368.537201552215,0.14315443850336565
62.5,13368.493759147388,0.14074923495433217
62.6,13368.451046776014,0.13838430586940356
62.7,13368.40905220929,0.13605898141960268
62.800000000000004,13368.367763421953,0.1337726027640491
62.900000000000006,13368.327168588934,0.13152452187481012
63.0,13368.287256082067,0.1293141013643713
63.1,13368.248014466853,0.12714071431569282
63.2,13368.20943249927,0.12500374411481913
63.300000000000004,13368.171499122642,0.12290258428600873
63.400000000000006,13368.134203464553,0.1208366383293518
63.5,13368.097534833812,0.11880531956084307
63.6,13368.061482717467,0.11680805095487795
63.7,13368.026036777865,0.11484426498914005
63.800000000000004,13367.991186849764,0.11291340349184842
63.900000000000006,13367.956922937487,0.11101491749133316
64.0,13367.923235212123,0.10914826706790817
64.10000000000001,13367.890114008776,0.10731292120801036
64.2,13367.857549823855,0.1055083576605745
64.3,13367.825533312407,0.10373406279561354
64.4,13367.794055285498,0.10198953146497428
64.5,13367.763106707633,0.10027426686523855
64.60000000000001,13367.732678694218,0.09858778040274047
64.7,13367.702762509063,0.09692959156067045
64.8,13367.673349561928,0.0952992277682371
64.9,13367.644431406105,0.0936962242718583
65.0,13367.61599973604,0.09212012400835302
65.10000000000001,13367.588046384997,0.09057047748010597
65.2,13367.56056332276,0.08904684263217695
65.3,13367.533542653366,0.0875487847313278
65.4,13367.506976612878,0.08607587624693926
65.5,13367.480857567205,0.0846276967337913
65.60000000000001,13367.455178009935,0.08320383271667983
65.7,13367.429930560227,0.08180387757684378
65.8,13367.40510796072,0.08042743144017622
65.9,13367.380703075485,0.07907410106719404
66.0,13367.356708888012,0.07774349974474037
66.10000000000001,13367.333118499218,0.076435247179395
66.2,13367.30992512551,0.07514896939256745
66.3,13367.287122096846,0.07388429861724845
66.4,13367.264702854867,0.07264087319639537
66.5,13367.242660951028,0.07141833748292752
66.60000000000001,13367.220990044774,0.07021634174130778
66.7,13367.199683901747,0.06903454205068697
66.8,13367.178736392012,0.06787260020958787
66.9,13367.15814148833,0.0667301836421059
67.0,13367.137893264437,0.06560696530560418
67.10000000000001,13367.11798589337,0.06450262359988032
67.2,13367.098413645812,0.06341684227778305
67.3,13367.079170888463,0.06234931035725706
67.4,13367.060252082441,0.061299722034794425
67.5,13367.041651781716,0.0602677766002715
67.60000000000001,13367.023364631546,0.05925317835315037
67.7,13367.005385366976,0.05825563652002417
67.8,13366.987708811323,0.05727486517348599
67.9,13366.970329874714,0.05631058315230113
68.0,13366.953243552634,0.05536251398286297
68.10000000000001,13366.936444924506,0.05443038580191287
68.2,13366.919929152284,0.053513931280504724
68.3,13366.903691479083,0.05261288754919518
68.4,13366.887727227819,0.05172699612444067
68.5,13366.872031799876,0.050856002836182794
68.60000000000001,13366.856600673802,0.049999657756603665
68.7,13366.841429404016,0.04915771513003325
68.8,13366.82651361954,0.04832993330399093
68.9,13366.811849022755,0.04751607466134361
69.0,13366.797431388175,0.04671590555356329
69.10000000000001,13366.783256561239,0.04592919623506682
69.2,13366.76932045713,0.045155720798621186
69.3,13366.755619059604,0.04439525711179762
69.4,13366.742148419851,0.04364758675445829
69.5,13366.72890465536,0.042912494957259364
69.60000000000001,13366.715883948813,0.0421897705411546
69.7,13366.703082546997,0.04147920585788383
69.8,13366.69049675973,0.040780596731430814
69.9,13366.678122958801,0.04009374240043533
70.0,13366.665957576946,0.039418445461544466
70.10000000000001,13366.653997106816,0.03875451181368832
70.2,13366.642238099977,0.038101750603265566
70.3,13366.630677165931,0.03745997417022454
70.4,13366.619310971138,0.03682899799502567
70.5,13366.608136238065,0.03620864064647129
70.60000000000001,13366.597149744248,0.03559872373038923
70.7,13366.58634832137,0.03499907183915642
70.8,13366.57572885436,0.034409512502049475
70.9,13366.565288280486,0.03382987613640883
71.0,13366.555023588497,0.03325999599960368
71.10000000000001,13366.544931817743,0.03269970814178491
71.2,13366.535010057343,0.03214885135941346
71.3,13366.52525544534,0.03160726714955176
71.4,13366.515665167884,0.031074799664906012
71.5,13366.506236458428,0.030551295669607403
71.60000000000001,13366.496966596933,0.03003660449572034
71.7,13366.48785290909,0.029530578000466105
71.8,13366.478892765546,0.029033070524150453
71.9,13366.470083581167,0.028543938848783867
72.0,13366.461422814276,0.02806304215738333
72.10000000000001,13366.45290796594,0.02759024199394467
72.2,13366.444536579245,0.02712540222407471
72.3,13366.436306238595,0.026668388996272555
72.4,13366.428214569014,0.0262190707038496
72.5,13366.420259235472,0.02577731794747794
72.60000000000001,13366.412437942208,0.02534300349835704
72.7,13366.404748432076,0.024916002261988673
72.8,13366.397188485893,0.02449619124255033
72.9,13366.389755921806,0.024083449507857367
73.0,13366.38244859466,0.02367765815490439
73.10000000000001,13366.37526439539,0.0232787002759765
73.2,13366.368201250409,0.02288646092532117
73.3,13366.36125712101,0.02250082708637159
73.4,13366.35443000279,0.022121687639512624
73.5,13366.347717925066,0.021748933330380502
73.60000000000001,13366.341118950313,0.02138245673868759
73.7,13366.334631173604,0.021022152247563708
73.8,13366.328252722065,0.020667916013405552
73.9,13366.321981754338,0.020319645936226014
74.0,13366.315816460045,0.01997724163049516
74.10000000000001,13366.309755059277,0.019640604396464943
74.2,13366.303795802078,0.019309637191969705
74.3,13366.297936967936,0.0189842446046947
74.4,13366.2921768653,0.01866433282490503
74.5,13366.286513831083,0.018349809618627422
74.60000000000001,13366.28094623019,0.0180405843012775
74.7,13366.275472455049,0.017736567711725194
74.8,13366.270090925138,0.017437672186791174
74.9,13366.264800086543,0.01714381153616722
75.0,13366.259598411505,0.0168549010177536
75.10000000000001,13366.254484397981,0.016570857313406583
75.2,13366.24945656921,0.016291598505089416
75.3,13366.244513473293,0.016017044051420088
75.4,13366.23965368277,0.01574711476460942
75.5,13366.23487579421,0.015481732787783016
75.60000000000001,13366.230178427815,0.015220821572680813
75.7,13366.225560227007,0.014964305857728004
75.8,13366.221019858052,0.014712111646471212
75.9,13366.216556009673,0.014464166186373938
76.0,13366.212167392663,0.014220397947965336
76.10000000000001,13366.207852739526,0.013980736604336524
76.2,13366.203610804107,0.013745113010978683
76.3,13366.19944036123,0.013513459185957324
76.4,13366.195340206352,0.013285708290417187
76.5,13366.19130915521,0.01306179460941229
76.60000000000001,13366.187346043484,0.0128416535330558
76.7,13366.183449726455,0.012625221537984429
76.80000000000001,13366.179619078688,0.012412436169132143
76.9,13366.175852993692,0.01220323602180812
77.0,13366.172150383616,0.011997560724073885
77.10000000000001,13366.168510178924,0.011795350919414698
77.2,13366.164931328094,0.011596548249700337
77.30000000000001,13366.16141279731,0.011401095338430462
77.4,13366.157953570168,0.011208935774259889
77.5,13366.154552647384,0.011020014094799094
77.60000000000001,13366.1512090465,0.010834275770685443
77.7,13366.147921801607,0.010651667189920621
77.80000000000001,13366.144689963061,0.010472135642469868
77.9,13366.141512597218,0.010295629305118684
78.0,13366.138388786154,0.010122097226582739
78.10000000000001,13366.13531762741,0.009951489312866766
78.2,13366.132298233722,0.009783756312868349
78.30000000000001,13366.129329732777,0.009618849804222488
78.4,13366.126411266952,0.009456722179383004
78.5,13366.123541993069,0.009297326631936807
78.60000000000001,13366.120721082156,0.009140617143147178
78.7,13366.1179477192,0.00898654846872227
78.80000000000001,13366.115221102922,0.008835076125805062
78.9,13366.112540445538,0.00868615638018112
79.0,13366.109904972534,0.008539746233700508
79.10000000000001,13366.107313922446,0.008395803411910313
79.2,13366.104766546636,0.00825428635189428
79.30000000000001,13366.102262109076,0.008115154190316099
79.4,13366.099799886138,0.007978366751662963
79.5,13366.097379166387,0.007843884536686075
79.60000000000001,13366.094999250372,0.007711668711034806
79.7,13366.092659450424,0.0075816810940812955
79.80000000000001,13366.09035909046,0.007453884147932311
79.9,13366.08809750579,0.007328240966625262
80.0,13366.08587404292,0.007204715265505287
80.10000000000001,13366.083688059363,0.007083271370780403
80.2,13366.081538923463,0.006963874209251756
80.30000000000001,13366.079426014201,0.006846489298216035
80.4,13366.077348721024,0.006731082735537201
80.5,13366.075306443665,0.006617621189884692
80.60000000000001,13366.07329859197,0.006506071891135337
80.7,13366.071324585728,0.006396402620936241
80.80000000000001,13366.069383854507,0.006288581703425958
80.9,13366.067475837483,0.006182577996111317
81.0,13366.065599983283,0.006078360880897289
81.10000000000001,13366.063755749825,0.005975900255267351
81.2,13366.06194260416,0.0058751665236118356
81.30000000000001,13366.060160022318,0.005776130588701785
81.4,13366.05840748916,0.00567876384330589
81.5,13366.056684498226,0.005583038161948115
81.60000000000001,13366.05499055159,0.005488925892803663
81.7,13366.053325159717,0.0053963998497309745
81.80000000000001,13366.05168784132,0.005305433304437473
81.9,13366.050078123222,0.005215999978776832
82.0,13366.048495540223,0.005128074037175568
82.10000000000001,13366.046939634954,0.005041630079186783
82.2,13366.045409957762,0.004956643132168944
82.30000000000001,13366.043906066567,0.004873088644087603
82.4,13366.042427526738,0.004790942476438
82.5,13366.04097391097,0.004710180897286529
82.60000000000001,13366.039544799156,0.004630780574429081
82.7,13366.038139778275,0.004552718568664294
82.80000000000001,13366.036758442258,0.004475972327179816
82.9,13366.035400391886,0.004400519677049651
83.0,13366.034065234662,0.004326338818840765
83.10000000000001,13366.032752584708,0.0042534083203270975
83.2,13366.031462062645,0.004181707110309194
83.30000000000001,13366.030193295492,0.004111214472537683
83.4,13366.028945916549,0.004041910039738865
83.5,13366.0277195653,0.003973773787740699
83.60000000000001,13366.026513887302,0.0039067860296975
83.7,13366.025328534086,0.00384092741041171
83.80000000000001,13366.024163163056,0.0037761789007510946
83.9,13366.02301743739,0.003712521792159787
84.0,13366.021891025943,0.003649937691261587
84.10000000000001,13366.02078360315,0.003588408514553986
84.2,13366.019694848932,0.0035279164831913882
84.30000000000001,13366.018624448609,0.003468444117856031
84.4,13366.017572092796,0.0034099742337151424
84.5,13366.016537477331,0.0033524899354628814
84.60000000000001,13366.015520303175,0.0032959746124456455
84.7,13366.014520276327,0.003240411933869345
84.80000000000001,13366.013537107743,0.0031857858440872675
84.9,13366.01257051325,0.003132080557967185
85.0,13366.011620213467,0.00307928055633637
85.10000000000001,13366.010685933716,0.00302737058150322
85.2,13366.009767403953,0.002976335632854195
85.30000000000001,13366.008864358688,0.002926160962524818
85.4,13366.007976536897,0.0028768320711434793
85.5,13366.007103681965,0.0028283347036468405
85.60000000000001,13366.006245541594,0.002780654845165622
85.7,13366.005401867744,0.0027337787169796
85.80000000000001,13366.004572416554,0.0026876927725406514
85.9,13366.003756948274,0.0026423836935627015
86.0,13366.002955227192,0.002597838386177453
86.10000000000001,13366.002167021572,0.002554043977154792
86.2,13366.001392103582,0.002510987810186784
86.30000000000001,13366.000630249233,0.0024686574422341937
86.4,13365.999881238307,0.002427040639934477
86.5,13365.999144854302,0.002386125376070215
86.60000000000001,13365.998420884363,0.0023458998260969736
86.7,13365.997709119223,0.002306352364729589
86.80000000000001,13365.997009353141,0.0022674715625859015
86.9,13365.996321383847,0.0022292461828869693
87.0,13365.99564501248,0.0021916651782128162
87.10000000000001,13365.994980043526,0.0021547176873127774
87.2,13365.994326284772,0.0021183930319695283
87.30000000000001,13365.993683547244,0.002082680713915893
87.4,13365.993051645151,0.002047570411803548
87.5,13365.992430395836,0.0020130519782227455
87.60000000000001,13365.991819619718,0.001979115436772201
87.7,13365.991219140247,0.0019457509791783033
87.80000000000001,13365.990628783846,0.0019129489624628159
87.9,13365.990048379865,0.0018806999061582541
88.0,13365.989477760528,0.0018489944895701412
88.10000000000001,13365.98891676089,0.0018178235490853491
88.2,13365.98836521879,0.0017871780755257544
88.30000000000001,13365.987822974788,0.0017570492115464448
88.4,13365.987289872146,0.001727428249077728
88.5,13365.98676575676,0.0016983066268102078
88.60000000000001,13365.986250477123,0.0016696759277221992
88.7,13365.985743884286,0.0016415278766487773
88.80000000000001,13365.98524583181,0.001613854337891753
88.9,13365.98475617572,0.001586647312869893
89.0,13365.984274774471,0.0015598989378087025
89.10000000000001,13365.983801488908,0.00153360148146911
89.2,13365.983336182215,0.0015077473429143946
89.30000000000001,13365.982878719886,0.0014823290493147193
89.4,13365.98242896968,0.001457339253788631
89.5,13365.98198680159,0.00143277073328091
89.60000000000001,13365.981552087793,0.0014086163864761563
89.7,13365.981124702626,0.0013848692317475107
89.80000000000001,13365.980704522546,0.0013615224051399203
89.9,13365.980291426087,0.001338569158387369
90.0,13365.979885293833,0.0013160028569634975
90.10000000000001,13365.979486008382,0.0012938169781650558
90.2,13365.97909345431,0.001272005109227633
90.30000000000001,13365.97870751814,0.0012505609454731203
90.4,13365.978328088304,0.0012294782884883781
90.5,13365.97795505512,0.001208751044334576
90.60000000000001,13365.97758831075,0.0011883732217866944
90.7,13365.97722774918,0.001168338930602678
90.80000000000001,13365.976873266176,0.0011486423798217414
90.9,13365.976524759266,0.0011292778760913398
91.0,13365.976182127704,0.0011102398220223181
91.10000000000001,13365.975845272444,0.0010915227145717665
91.2,13365.975514096104,0.0010731211434531166
91.30000000000001,13365.975188502951,0.0010550297895730184
91.4,13365.97486839886,0.001037243423494548
91.5,13365.974553691296,0.0010197569039263029
91.60000000000001,13365.974244289282,0.0010025651762369486
91.7,13365.973940103377,0.0009856632709947899
91.80000000000001,13365.973641045644,0.0009690463025319423
91.9,13365.973347029632,0.0009527094675326933
92.0,13365.973057970346,0.0009366480436456432
92.10000000000001,13365.972773784226,0.0009208573881192278
92.2,13365.972494389116,0.0009053329364602269
92.30000000000001,13365.972219704248,0.0008900702011148729
92.4,13365.971949650215,0.0008750647701721799
92.5,13365.971684148948,0.0008603123060891171
92.60000000000001,13365.971423123696,0.0008458085444372602
92.7,13365.971166498999,0.0008315492926705596
92.80000000000001,13365.970914200672,0.0008175304289138675
92.9,13365.97066615578,0.0008037479007718783
93.0,13365.970422292612,0.0007901977241581336
93.10000000000001,13365.970182540676,0.0007768759821437593
93.2,13365.96994683066,0.0007637788238255978
93.30000000000001,13365.969715094425,0.0007509024632134122
93.4,13365.969487264978,0.0007382431781358392
93.5,13365.969263276458,0.0007257973091647762
93.60000000000001,13365.969043064111,0.0007135612585578917
93.7,13365.968826564278,0.0007015314892189536
93.80000000000001,13365.968613714369,0.0006897045236756758
93.9,13365.968404452853,0.000678076943074788
94.0,13365.968198719236,0.000666645386194038
94.10000000000001,13365.967996454043,0.0006554065484708429
94.2,13365.9677975988,0.0006443571810473066
94.30000000000001,13365.96760209602,0.00063349408983133
94.4,13365.967409889185,0.0006228141345735417
94.5,13365.967220922732,0.000612314227959783
94.60000000000001,13365.967035142032,0.0006019913347188855
94.7,13365.966852493377,0.0005918424707454835
94.80000000000001,13365.966672923965,0.0005818647022376077
94.9,13365.966496381885,0.0005720551448488119
95.0,13365.966322816099,0.0005624109628545875
95.10000000000001,13365.966152176432,0.0005529293683328247
95.2,13365.965984413553,0.0005436076203580851
95.30000000000001,13365.965819478964,0.0005344430242094515
95.4,13365.965657324985,0.0005254329305917273
95.5,13365.965497904735,0.0005165747348697601
95.60000000000001,13365.96534117213,0.0005078658763156688
95.7,13365.96518708186,0.0004993038373687562
95.80000000000001,13365.965035589377,0.0004908861429078946
95.9,13365.964886650887,0.00048261035953617206
96.0,13365.964740223331,0.0004744740948775963
96.10000000000001,13365.96459626438,0.00046647499688564904
96.2,13365.964454732417,0.0004586107531634943
96.30000000000001,13365.964315586525,0.00045087909029564277
96.4,13365.964178786478,0.0004432777731908799
96.5,13365.964044292728,0.0004358046044362674
96.60000000000001,13365.963912066394,0.000428457423662032
96.7,13365.96378206925,0.0004212341069171579
96.80000000000001,13365.963654263714,0.0004141325660555029
96.9,13365.96352861284,0.00040715074813226036
97.0,13365.963405080302,0.00040028663481059273
97.10000000000001,13365.963283630388,0.0003935382417782661
97.2,13365.963164227987,0.00038690361817411614
97.30000000000001,13365.96304683858,0.0003803808460241805
97.4,13365.962931428232,0.0003739680396873347
97.5,13365.962817963577,0.0003676633453102711
97.60000000000001,13365.962706411814,0.0003614649402916639
97.7,13365.962596740694,0.00035537103275536515
97.80000000000001,13365.96248891851,0.00034937986103247956
97.9,13365.962382914095,0.0003434896931521689
98.0,13365.9622786968,0.0003376988263410383
98.10000000000001,13365.962176236495,0.0003320055865309603
98.2,13365.962075503563,0.0003264083278751945
98.30000000000001,13365.961976468881,0.0003209054322726623
98.4,13365.96187910382,0.0003154953089002408
98.5,13365.96178338023,0.0003101763937529388
98.60000000000001,13365.961689270438,0.00030494714919182385
98.7,13365.961596747238,0.0002998060634995686
98.80000000000001,13365.961505783882,0.00029475165044348846
98.9,13365.961416354072,0.00028978244884594434
99.0,13365.961328431955,0.00028489702216198654
99.10000000000001,13365.961241992112,0.00028009395806411717
99.2,13365.961157009555,0.00027537186803405187
99.30000000000001,13365.961073459715,0.0002707293869613623
99.4,13365.96099131844,0.00026616517274888384
99.5,13365.96091056198,0.0002616779059247742
99.60000000000001,13365.96083116699,0.0002572662892611111
99.7,13365.960753110518,0.0002529290473989186
99.80000000000001,13365.960676369996,0.00024866492647951426
99.9,13365.96060092324,0.0002444726937820695
